,Date,Symbol_spot,Open_spot,High_spot,Low_spot,Close_spot,Volume_spot,Symbol_fut,Open_fut,High_fut,Low_fut,Close_fut,Volume_fut,Diff
0,2019-01-01 17:00:00,^BTCUSD,3730.35,3866.43,3728.47,3825.73,0,BTF19,3720.0,3810.0,3685.0,3795.0,457.0,30.730000000000018
1,2019-01-01 18:00:00,^BTCUSD,3825.73,3839.64,3792.81,3801.26,0,BTF19,3800.0,3805.0,3760.0,3770.0,169.0,31.26000000000022
2,2019-01-01 19:00:00,^BTCUSD,3801.26,3806.87,3790.32,3792.01,0,BTF19,3770.0,3775.0,3760.0,3765.0,57.0,27.01000000000022
3,2019-01-01 20:00:00,^BTCUSD,3792.02,3806.66,3790.65,3802.11,0,BTF19,3765.0,3770.0,3760.0,3760.0,67.0,42.11000000000013
4,2019-01-01 21:00:00,^BTCUSD,3802.11,3811.52,3797.26,3797.92,0,BTF19,3765.0,3775.0,3760.0,3760.0,40.0,37.92000000000007
5,2019-01-01 22:00:00,^BTCUSD,3797.92,3803.83,3793.11,3803.11,0,BTF19,3765.0,3770.0,3755.0,3760.0,39.0,43.11000000000013
6,2019-01-01 23:00:00,^BTCUSD,3803.08,3803.2,3793.85,3799.6,0,BTF19,3760.0,3765.0,3760.0,3760.0,39.0,39.59999999999991
7,2019-01-02 00:00:00,^BTCUSD,3800.11,3800.51,3779.6,3781.39,0,BTF19,3760.0,3760.0,3730.0,3740.0,147.0,41.38999999999987
8,2019-01-02 01:00:00,^BTCUSD,3781.39,3798.48,3781.38,3796.62,0,BTF19,3740.0,3755.0,3740.0,3750.0,94.0,46.61999999999989
9,2019-01-02 02:00:00,^BTCUSD,3796.62,3818.03,3796.62,3803.22,0,BTF19,3755.0,3770.0,3750.0,3760.0,64.0,43.2199999999998
10,2019-01-02 03:00:00,^BTCUSD,3803.22,3804.51,3793.14,3794.84,0,BTF19,3755.0,3755.0,3745.0,3745.0,54.0,49.840000000000146
11,2019-01-02 04:00:00,^BTCUSD,3794.84,3812.32,3794.84,3808.67,0,BTF19,3750.0,3765.0,3740.0,3760.0,75.0,48.67000000000007
12,2019-01-02 05:00:00,^BTCUSD,3808.67,3826.64,3802.34,3809.29,0,BTF19,3760.0,3775.0,3750.0,3755.0,129.0,54.289999999999964
13,2019-01-02 06:00:00,^BTCUSD,3809.29,3813.43,3801.02,3809.87,0,BTF19,3755.0,3765.0,3745.0,3765.0,74.0,44.86999999999989
14,2019-01-02 07:00:00,^BTCUSD,3809.88,3861.28,3809.75,3840.26,0,BTF19,3770.0,3815.0,3765.0,3790.0,183.0,50.26000000000022
15,2019-01-02 08:00:00,^BTCUSD,3840.26,3843.57,3824.63,3833.9,0,BTF19,3790.0,3795.0,3765.0,3780.0,170.0,53.90000000000009
16,2019-01-02 09:00:00,^BTCUSD,3833.9,3846.29,3823.39,3828.16,0,BTF19,3780.0,3780.0,3755.0,3770.0,88.0,58.159999999999854
17,2019-01-02 10:00:00,^BTCUSD,3828.16,3893.77,3822.32,3861.89,0,BTF19,3765.0,3840.0,3765.0,3805.0,254.0,56.88999999999987
18,2019-01-02 11:00:00,^BTCUSD,3861.89,3865.77,3846.02,3851.68,0,BTF19,3800.0,3820.0,3790.0,3805.0,253.0,46.679999999999836
19,2019-01-02 12:00:00,^BTCUSD,3851.69,3852.54,3833.05,3849.62,0,BTF19,3810.0,3810.0,3790.0,3805.0,223.0,44.61999999999989
20,2019-01-02 13:00:00,^BTCUSD,3849.62,3850.5,3827.57,3847.0,0,BTF19,3805.0,3805.0,3780.0,3800.0,219.0,47.0
21,2019-01-02 14:00:00,^BTCUSD,3847.0,3896.17,3842.13,3896.17,0,BTF19,3800.0,3830.0,3795.0,3830.0,84.0,66.17000000000007
22,2019-01-02 15:00:00,^BTCUSD,3895.8,3904.89,3871.51,3900.2,0,BTF19,3835.0,3855.0,3815.0,3835.0,224.0,65.19999999999982
23,2019-01-02 17:00:00,^BTCUSD,3910.84,3927.01,3892.62,3913.56,0,BTF19,3850.0,3870.0,3840.0,3850.0,259.0,63.559999999999945
24,2019-01-02 18:00:00,^BTCUSD,3913.56,3914.13,3867.24,3867.72,0,BTF19,3845.0,3850.0,3820.0,3820.0,206.0,47.7199999999998
25,2019-01-02 19:00:00,^BTCUSD,3867.72,3876.83,3856.14,3864.76,0,BTF19,3820.0,3830.0,3805.0,3820.0,222.0,44.76000000000022
26,2019-01-02 20:00:00,^BTCUSD,3864.76,3874.6,3860.49,3864.98,0,BTF19,3820.0,3830.0,3815.0,3815.0,63.0,49.98000000000002
27,2019-01-02 21:00:00,^BTCUSD,3864.45,3876.3,3863.48,3873.06,0,BTF19,3815.0,3830.0,3815.0,3830.0,36.0,43.059999999999945
28,2019-01-02 22:00:00,^BTCUSD,3873.06,3885.28,3871.9,3872.15,0,BTF19,3830.0,3840.0,3820.0,3820.0,102.0,52.15000000000009
29,2019-01-02 23:00:00,^BTCUSD,3872.15,3872.15,3840.11,3854.59,0,BTF19,3820.0,3825.0,3790.0,3810.0,147.0,44.590000000000146
30,2019-01-03 00:00:00,^BTCUSD,3854.71,3858.3,3847.81,3853.51,0,BTF19,3810.0,3820.0,3805.0,3810.0,67.0,43.51000000000022
31,2019-01-03 01:00:00,^BTCUSD,3853.51,3861.88,3852.76,3852.83,0,BTF19,3810.0,3820.0,3810.0,3810.0,48.0,42.82999999999993
32,2019-01-03 02:00:00,^BTCUSD,3852.83,3852.96,3837.13,3838.14,0,BTF19,3805.0,3810.0,3780.0,3790.0,194.0,48.13999999999987
33,2019-01-03 03:00:00,^BTCUSD,3838.14,3841.13,3827.94,3837.42,0,BTF19,3785.0,3800.0,3770.0,3790.0,229.0,47.42000000000007
34,2019-01-03 04:00:00,^BTCUSD,3837.42,3850.68,3836.31,3843.29,0,BTF19,3790.0,3800.0,3790.0,3795.0,116.0,48.289999999999964
35,2019-01-03 05:00:00,^BTCUSD,3843.29,3843.29,3829.7,3839.54,0,BTF19,3785.0,3790.0,3775.0,3785.0,87.0,54.539999999999964
36,2019-01-03 06:00:00,^BTCUSD,3839.47,3854.43,3832.82,3853.76,0,BTF19,3785.0,3805.0,3780.0,3800.0,115.0,53.76000000000022
37,2019-01-03 07:00:00,^BTCUSD,3853.76,3856.75,3840.02,3846.86,0,BTF19,3805.0,3810.0,3795.0,3805.0,183.0,41.86000000000013
38,2019-01-03 08:00:00,^BTCUSD,3846.54,3846.95,3832.78,3835.34,0,BTF19,3800.0,3805.0,3785.0,3800.0,170.0,35.340000000000146
39,2019-01-03 09:00:00,^BTCUSD,3835.76,3849.51,3827.53,3844.96,0,BTF19,3790.0,3800.0,3780.0,3795.0,117.0,49.960000000000036
40,2019-01-03 10:00:00,^BTCUSD,3844.97,3845.31,3776.4,3778.76,0,BTF19,3795.0,3795.0,3710.0,3715.0,625.0,63.76000000000022
41,2019-01-03 11:00:00,^BTCUSD,3778.76,3798.47,3772.54,3784.59,0,BTF19,3720.0,3740.0,3715.0,3735.0,99.0,49.590000000000146
42,2019-01-03 12:00:00,^BTCUSD,3784.59,3790.25,3777.29,3787.91,0,BTF19,3735.0,3740.0,3720.0,3735.0,105.0,52.909999999999854
43,2019-01-03 13:00:00,^BTCUSD,3787.9,3793.23,3779.56,3787.35,0,BTF19,3740.0,3740.0,3730.0,3740.0,141.0,47.34999999999991
44,2019-01-03 14:00:00,^BTCUSD,3787.44,3810.07,3786.51,3809.52,0,BTF19,3740.0,3760.0,3735.0,3760.0,201.0,49.51999999999998
45,2019-01-03 15:00:00,^BTCUSD,3809.52,3810.36,3799.48,3805.38,0,BTF19,3760.0,3760.0,3750.0,3750.0,70.0,55.38000000000011
46,2019-01-03 17:00:00,^BTCUSD,3798.59,3798.59,3780.81,3786.93,0,BTF19,3755.0,3755.0,3740.0,3750.0,76.0,36.929999999999836
47,2019-01-03 18:00:00,^BTCUSD,3786.93,3786.93,3763.32,3768.77,0,BTF19,3750.0,3750.0,3715.0,3725.0,138.0,43.76999999999998
48,2019-01-03 19:00:00,^BTCUSD,3768.77,3790.35,3768.77,3784.87,0,BTF19,3730.0,3755.0,3730.0,3745.0,184.0,39.86999999999989
49,2019-01-03 20:00:00,^BTCUSD,3784.87,3784.87,3775.18,3779.55,0,BTF19,3740.0,3745.0,3735.0,3740.0,56.0,39.55000000000018
50,2019-01-03 21:00:00,^BTCUSD,3779.55,3814.43,3775.3,3805.7,0,BTF19,3740.0,3770.0,3740.0,3760.0,79.0,45.69999999999982
51,2019-01-03 22:00:00,^BTCUSD,3805.7,3818.8,3784.06,3798.35,0,BTF19,3765.0,3770.0,3745.0,3755.0,165.0,43.34999999999991
52,2019-01-03 23:00:00,^BTCUSD,3798.35,3808.0,3788.56,3798.03,0,BTF19,3755.0,3760.0,3745.0,3755.0,172.0,43.0300000000002
53,2019-01-04 00:00:00,^BTCUSD,3798.03,3816.28,3798.03,3806.14,0,BTF19,3760.0,3775.0,3755.0,3765.0,225.0,41.13999999999987
54,2019-01-04 01:00:00,^BTCUSD,3806.0,3833.06,3803.16,3812.93,0,BTF19,3765.0,3785.0,3760.0,3765.0,172.0,47.929999999999836
55,2019-01-04 02:00:00,^BTCUSD,3812.93,3821.17,3794.78,3796.0,0,BTF19,3770.0,3780.0,3750.0,3755.0,191.0,41.0
56,2019-01-04 03:00:00,^BTCUSD,3795.3,3799.73,3779.8,3781.47,0,BTF19,3755.0,3760.0,3740.0,3750.0,198.0,31.4699999999998
57,2019-01-04 04:00:00,^BTCUSD,3781.48,3797.53,3779.94,3797.53,0,BTF19,3745.0,3760.0,3740.0,3760.0,130.0,37.5300000000002
58,2019-01-04 05:00:00,^BTCUSD,3797.53,3804.96,3781.18,3781.22,0,BTF19,3760.0,3765.0,3745.0,3745.0,124.0,36.2199999999998
59,2019-01-04 06:00:00,^BTCUSD,3781.22,3793.33,3768.25,3786.84,0,BTF19,3745.0,3750.0,3725.0,3750.0,92.0,36.840000000000146
60,2019-01-04 07:00:00,^BTCUSD,3786.65,3786.65,3774.2,3774.55,0,BTF19,3745.0,3745.0,3735.0,3740.0,85.0,34.55000000000018
61,2019-01-04 08:00:00,^BTCUSD,3774.4,3788.25,3743.9,3752.28,0,BTF19,3740.0,3745.0,3690.0,3710.0,311.0,42.2800000000002
62,2019-01-04 09:00:00,^BTCUSD,3752.26,3755.12,3739.22,3750.9,0,BTF19,3705.0,3710.0,3700.0,3710.0,216.0,40.90000000000009
63,2019-01-04 10:00:00,^BTCUSD,3750.84,3788.17,3743.31,3782.72,0,BTF19,3710.0,3735.0,3705.0,3730.0,246.0,52.7199999999998
64,2019-01-04 11:00:00,^BTCUSD,3782.73,3790.98,3770.36,3790.25,0,BTF19,3730.0,3730.0,3715.0,3730.0,165.0,60.25
65,2019-01-04 12:00:00,^BTCUSD,3790.23,3790.23,3764.64,3765.01,0,BTF19,3725.0,3730.0,3715.0,3715.0,123.0,50.01000000000022
66,2019-01-04 13:00:00,^BTCUSD,3764.85,3787.28,3759.29,3768.42,0,BTF19,3715.0,3725.0,3715.0,3725.0,122.0,43.42000000000007
67,2019-01-04 14:00:00,^BTCUSD,3768.42,3820.49,3762.21,3799.77,0,BTF19,3725.0,3770.0,3720.0,3745.0,274.0,54.76999999999998
68,2019-01-04 15:00:00,^BTCUSD,3796.28,3856.83,3794.82,3845.28,0,BTF19,3745.0,3875.0,3745.0,3800.0,353.0,45.2800000000002
69,2019-01-06 17:00:00,^BTCUSD,4031.61,4071.94,4031.46,4048.03,0,BTF19,3990.0,4070.0,3990.0,4025.0,439.0,23.0300000000002
70,2019-01-06 18:00:00,^BTCUSD,4048.01,4077.01,4047.92,4060.5,0,BTF19,4030.0,4065.0,4025.0,4035.0,232.0,25.5
71,2019-01-06 19:00:00,^BTCUSD,4060.44,4061.09,4032.11,4043.39,0,BTF19,4035.0,4035.0,4005.0,4015.0,188.0,28.389999999999873
72,2019-01-06 20:00:00,^BTCUSD,4043.37,4043.84,4025.85,4035.25,0,BTF19,4015.0,4020.0,4000.0,4010.0,81.0,25.25
73,2019-01-06 21:00:00,^BTCUSD,4035.26,4051.27,4031.83,4044.78,0,BTF19,4015.0,4025.0,4010.0,4020.0,129.0,24.7800000000002
74,2019-01-06 22:00:00,^BTCUSD,4044.78,4052.86,4034.55,4038.61,0,BTF19,4020.0,4020.0,4005.0,4010.0,62.0,28.610000000000127
75,2019-01-06 23:00:00,^BTCUSD,4039.0,4050.99,4032.76,4048.98,0,BTF19,4005.0,4020.0,4005.0,4020.0,53.0,28.980000000000018
76,2019-01-07 00:00:00,^BTCUSD,4048.98,4055.01,4037.83,4041.77,0,BTF19,4015.0,4020.0,4005.0,4005.0,83.0,36.76999999999998
77,2019-01-07 01:00:00,^BTCUSD,4041.73,4050.76,4038.97,4050.43,0,BTF19,4010.0,4015.0,4005.0,4015.0,72.0,35.429999999999836
78,2019-01-07 02:00:00,^BTCUSD,4050.43,4062.27,4042.71,4054.42,0,BTF19,4015.0,4030.0,4015.0,4025.0,64.0,29.420000000000073
79,2019-01-07 03:00:00,^BTCUSD,4054.42,4057.48,3990.17,4004.89,0,BTF19,4025.0,4025.0,3945.0,3975.0,349.0,29.889999999999873
80,2019-01-07 04:00:00,^BTCUSD,4004.89,4036.09,4003.87,4011.36,0,BTF19,3980.0,4020.0,3980.0,3985.0,112.0,26.360000000000127
81,2019-01-07 05:00:00,^BTCUSD,4011.37,4026.56,4009.87,4024.46,0,BTF19,3985.0,3995.0,3985.0,3995.0,27.0,29.460000000000036
82,2019-01-07 06:00:00,^BTCUSD,4024.35,4025.11,4010.84,4011.34,0,BTF19,3995.0,3995.0,3975.0,3975.0,34.0,36.340000000000146
83,2019-01-07 07:00:00,^BTCUSD,4011.54,4023.66,4002.98,4023.66,0,BTF19,3975.0,3995.0,3975.0,3995.0,46.0,28.659999999999854
84,2019-01-07 08:00:00,^BTCUSD,4023.67,4040.93,4016.83,4027.65,0,BTF19,3995.0,4010.0,3995.0,4000.0,95.0,27.65000000000009
85,2019-01-07 09:00:00,^BTCUSD,4027.65,4033.9,4009.24,4013.0,0,BTF19,4005.0,4005.0,3980.0,3990.0,91.0,23.0
86,2019-01-07 10:00:00,^BTCUSD,4012.93,4022.74,4008.22,4017.83,0,BTF19,3985.0,4000.0,3985.0,4000.0,79.0,17.829999999999927
87,2019-01-07 11:00:00,^BTCUSD,4018.55,4032.44,3993.7,4022.22,0,BTF19,4000.0,4005.0,3955.0,3990.0,176.0,32.2199999999998
88,2019-01-07 12:00:00,^BTCUSD,4022.2,4032.74,4017.7,4022.4,0,BTF19,4000.0,4010.0,3990.0,3995.0,62.0,27.40000000000009
89,2019-01-07 13:00:00,^BTCUSD,4022.4,4028.89,4018.03,4028.41,0,BTF19,3995.0,4005.0,3995.0,4005.0,71.0,23.409999999999854
90,2019-01-07 14:00:00,^BTCUSD,4028.41,4028.48,4006.52,4018.44,0,BTF19,4010.0,4010.0,3980.0,3985.0,135.0,33.440000000000055
91,2019-01-07 15:00:00,^BTCUSD,4018.51,4023.98,4009.61,4015.26,0,BTF19,3990.0,3995.0,3985.0,3985.0,63.0,30.26000000000022
92,2019-01-07 17:00:00,^BTCUSD,3999.65,4012.95,3994.07,4009.76,0,BTF19,3980.0,3990.0,3960.0,3985.0,80.0,24.76000000000022
93,2019-01-07 18:00:00,^BTCUSD,4009.63,4030.74,4008.13,4022.03,0,BTF19,3990.0,3995.0,3985.0,3990.0,75.0,32.0300000000002
94,2019-01-07 19:00:00,^BTCUSD,4022.03,4022.03,4001.72,4002.17,0,BTF19,3985.0,3985.0,3975.0,3975.0,115.0,27.170000000000073
95,2019-01-07 20:00:00,^BTCUSD,4002.17,4004.84,3974.12,3989.27,0,BTF19,3980.0,3980.0,3925.0,3960.0,347.0,29.269999999999982
96,2019-01-07 21:00:00,^BTCUSD,3989.27,3996.62,3986.86,3988.74,0,BTF19,3960.0,3965.0,3955.0,3960.0,70.0,28.73999999999978
97,2019-01-07 22:00:00,^BTCUSD,3988.76,3990.24,3980.27,3985.04,0,BTF19,3955.0,3960.0,3945.0,3955.0,62.0,30.039999999999964
98,2019-01-07 23:00:00,^BTCUSD,3985.04,3985.23,3979.91,3982.26,0,BTF19,3955.0,3955.0,3950.0,3955.0,74.0,27.26000000000022
99,2019-01-08 00:00:00,^BTCUSD,3982.21,3994.42,3976.5,3992.03,0,BTF19,3950.0,3965.0,3940.0,3960.0,48.0,32.0300000000002
100,2019-01-08 01:00:00,^BTCUSD,3992.61,4001.78,3981.94,3983.91,0,BTF19,3965.0,3975.0,3950.0,3955.0,105.0,28.909999999999854
101,2019-01-08 02:00:00,^BTCUSD,3983.9,4017.86,3981.31,4005.15,0,BTF19,3955.0,3990.0,3955.0,3970.0,139.0,35.15000000000009
102,2019-01-08 03:00:00,^BTCUSD,4005.14,4012.26,3995.6,4007.86,0,BTF19,3975.0,3990.0,3965.0,3985.0,105.0,22.860000000000127
103,2019-01-08 04:00:00,^BTCUSD,4007.86,4019.72,4002.8,4014.5,0,BTF19,3985.0,3990.0,3975.0,3990.0,73.0,24.5
104,2019-01-08 05:00:00,^BTCUSD,4014.52,4061.38,4005.61,4044.86,0,BTF19,3985.0,4035.0,3975.0,4020.0,212.0,24.860000000000127
105,2019-01-08 06:00:00,^BTCUSD,4044.86,4051.78,4030.03,4033.77,0,BTF19,4015.0,4020.0,4005.0,4005.0,111.0,28.769999999999982
106,2019-01-08 07:00:00,^BTCUSD,4033.77,4080.1,4033.64,4074.54,0,BTF19,4005.0,4050.0,4005.0,4045.0,218.0,29.539999999999964
107,2019-01-08 08:00:00,^BTCUSD,4074.45,4075.74,4057.76,4059.03,0,BTF19,4040.0,4050.0,4035.0,4040.0,295.0,19.0300000000002
108,2019-01-08 09:00:00,^BTCUSD,4058.63,4125.02,4031.48,4035.98,0,BTF19,4040.0,4095.0,4000.0,4015.0,686.0,20.980000000000018
109,2019-01-08 10:00:00,^BTCUSD,4036.58,4037.43,3994.54,4010.93,0,BTF19,4020.0,4025.0,3970.0,3995.0,529.0,15.929999999999836
110,2019-01-08 11:00:00,^BTCUSD,4011.09,4017.93,4006.37,4006.37,0,BTF19,3995.0,4005.0,3990.0,3990.0,134.0,16.36999999999989
111,2019-01-08 12:00:00,^BTCUSD,4006.37,4015.78,4000.07,4003.95,0,BTF19,3990.0,4000.0,3975.0,3990.0,178.0,13.949999999999818
112,2019-01-08 13:00:00,^BTCUSD,4004.06,4020.59,4000.61,4015.13,0,BTF19,3985.0,4005.0,3980.0,3995.0,169.0,20.13000000000011
113,2019-01-08 14:00:00,^BTCUSD,4015.13,4020.41,4005.76,4007.47,0,BTF19,4000.0,4005.0,3990.0,3990.0,184.0,17.4699999999998
114,2019-01-08 15:00:00,^BTCUSD,4007.47,4014.9,4000.31,4004.5,0,BTF19,3990.0,3995.0,3980.0,3980.0,67.0,24.5
115,2019-01-08 17:00:00,^BTCUSD,3999.99,4005.69,3988.66,3994.66,0,BTF19,3990.0,3990.0,3970.0,3980.0,114.0,14.659999999999854
116,2019-01-08 18:00:00,^BTCUSD,3994.63,4001.62,3976.97,3989.53,0,BTF19,3980.0,3990.0,3950.0,3975.0,193.0,14.5300000000002
117,2019-01-08 19:00:00,^BTCUSD,3989.45,4028.0,3981.88,4014.61,0,BTF19,3970.0,4015.0,3970.0,4000.0,214.0,14.610000000000127
118,2019-01-08 20:00:00,^BTCUSD,4014.61,4026.67,4013.29,4016.69,0,BTF19,4005.0,4010.0,4000.0,4000.0,168.0,16.690000000000055
119,2019-01-08 21:00:00,^BTCUSD,4016.7,4025.08,4015.12,4018.76,0,BTF19,3995.0,4010.0,3995.0,4000.0,151.0,18.76000000000022
120,2019-01-08 22:00:00,^BTCUSD,4018.76,4034.57,4016.89,4027.46,0,BTF19,4000.0,4015.0,4000.0,4010.0,174.0,17.460000000000036
121,2019-01-08 23:00:00,^BTCUSD,4027.46,4029.17,4014.98,4020.72,0,BTF19,4015.0,4015.0,4000.0,4000.0,122.0,20.7199999999998
122,2019-01-09 00:00:00,^BTCUSD,4020.72,4020.82,4009.33,4017.02,0,BTF19,4000.0,4000.0,3995.0,3995.0,67.0,22.019999999999982
123,2019-01-09 01:00:00,^BTCUSD,4016.95,4027.3,4013.92,4015.37,0,BTF19,4000.0,4010.0,4000.0,4000.0,97.0,15.36999999999989
124,2019-01-09 02:00:00,^BTCUSD,4015.37,4020.45,4006.87,4013.44,0,BTF19,4000.0,4005.0,3985.0,4000.0,205.0,13.440000000000055
125,2019-01-09 03:00:00,^BTCUSD,4013.28,4028.21,4008.83,4013.79,0,BTF19,4000.0,4010.0,3995.0,4000.0,203.0,13.789999999999964
126,2019-01-09 04:00:00,^BTCUSD,4013.79,4020.6,4007.96,4013.47,0,BTF19,3995.0,4010.0,3995.0,4005.0,123.0,8.4699999999998
127,2019-01-09 05:00:00,^BTCUSD,4013.82,4035.94,4011.9,4023.12,0,BTF19,4000.0,4030.0,4000.0,4010.0,148.0,13.11999999999989
128,2019-01-09 06:00:00,^BTCUSD,4023.12,4023.12,3997.45,4008.33,0,BTF19,4005.0,4010.0,3970.0,3995.0,174.0,13.329999999999927
129,2019-01-09 07:00:00,^BTCUSD,4008.29,4014.55,3991.29,4012.02,0,BTF19,3990.0,3995.0,3975.0,3995.0,196.0,17.019999999999982
130,2019-01-09 08:00:00,^BTCUSD,4012.19,4014.01,3990.47,3992.24,0,BTF19,3995.0,3995.0,3960.0,3975.0,220.0,17.23999999999978
131,2019-01-09 09:00:00,^BTCUSD,3992.24,4023.87,3981.21,4004.68,0,BTF19,3970.0,3990.0,3965.0,3975.0,161.0,29.679999999999836
132,2019-01-09 10:00:00,^BTCUSD,4004.68,4021.02,3997.84,4006.82,0,BTF19,3975.0,3995.0,3975.0,3985.0,220.0,21.820000000000164
133,2019-01-09 11:00:00,^BTCUSD,4006.82,4010.96,4000.71,4007.09,0,BTF19,3985.0,3990.0,3980.0,3990.0,69.0,17.090000000000146
134,2019-01-09 12:00:00,^BTCUSD,4007.08,4017.7,4003.22,4014.82,0,BTF19,3990.0,4000.0,3985.0,3990.0,113.0,24.820000000000164
135,2019-01-09 13:00:00,^BTCUSD,4014.82,4027.12,4008.73,4025.94,0,BTF19,3995.0,4000.0,3990.0,4000.0,149.0,25.940000000000055
136,2019-01-09 14:00:00,^BTCUSD,4025.94,4028.09,4002.55,4018.68,0,BTF19,4000.0,4005.0,3985.0,3990.0,124.0,28.679999999999836
137,2019-01-09 15:00:00,^BTCUSD,4019.25,4034.13,4002.37,4008.93,0,BTF19,3990.0,4015.0,3985.0,3990.0,150.0,18.929999999999836
138,2019-01-09 17:00:00,^BTCUSD,4014.09,4017.45,4006.31,4010.43,0,BTF19,3995.0,4000.0,3990.0,3990.0,98.0,20.429999999999836
139,2019-01-09 18:00:00,^BTCUSD,4010.16,4039.29,4009.65,4036.01,0,BTF19,3990.0,4015.0,3990.0,4015.0,127.0,21.01000000000022
140,2019-01-09 19:00:00,^BTCUSD,4036.01,4069.07,4020.91,4045.16,0,BTF19,4015.0,4015.0,4005.0,4010.0,197.0,35.159999999999854
141,2019-01-09 20:00:00,^BTCUSD,4045.16,4046.22,4030.87,4039.11,0,BTF19,4005.0,4010.0,4000.0,4005.0,112.0,34.11000000000013
142,2019-01-09 21:00:00,^BTCUSD,4039.11,4041.05,4019.04,4025.82,0,BTF19,4005.0,4010.0,3995.0,4000.0,74.0,25.820000000000164
143,2019-01-09 22:00:00,^BTCUSD,4025.82,4039.62,4020.55,4036.67,0,BTF19,3995.0,4015.0,3995.0,4015.0,121.0,21.670000000000073
144,2019-01-09 23:00:00,^BTCUSD,4036.67,4050.3,4030.12,4038.92,0,BTF19,4010.0,4020.0,4005.0,4010.0,140.0,28.920000000000073
145,2019-01-10 00:00:00,^BTCUSD,4038.92,4043.56,3771.9,3798.54,0,BTF19,4015.0,4015.0,3720.0,3775.0,1155.0,23.539999999999964
146,2019-01-10 01:00:00,^BTCUSD,3798.51,3808.92,3782.29,3801.0,0,BTF19,3770.0,3785.0,3750.0,3775.0,301.0,26.0
147,2019-01-10 02:00:00,^BTCUSD,3801.05,3807.33,3790.31,3792.78,0,BTF19,3770.0,3780.0,3755.0,3760.0,228.0,32.7800000000002
148,2019-01-10 03:00:00,^BTCUSD,3792.78,3797.58,3767.27,3778.62,0,BTF19,3760.0,3765.0,3735.0,3755.0,298.0,23.61999999999989
149,2019-01-10 04:00:00,^BTCUSD,3778.62,3790.94,3770.11,3779.59,0,BTF19,3755.0,3765.0,3750.0,3750.0,80.0,29.590000000000146
150,2019-01-10 05:00:00,^BTCUSD,3779.55,3789.1,3769.91,3787.44,0,BTF19,3745.0,3765.0,3745.0,3765.0,55.0,22.440000000000055
151,2019-01-10 06:00:00,^BTCUSD,3787.37,3796.7,3776.76,3783.54,0,BTF19,3765.0,3770.0,3750.0,3755.0,83.0,28.539999999999964
152,2019-01-10 07:00:00,^BTCUSD,3783.53,3783.6,3766.39,3775.1,0,BTF19,3750.0,3755.0,3740.0,3755.0,90.0,20.09999999999991
153,2019-01-10 08:00:00,^BTCUSD,3775.1,3781.1,3768.62,3778.1,0,BTF19,3750.0,3755.0,3745.0,3755.0,118.0,23.09999999999991
154,2019-01-10 09:00:00,^BTCUSD,3777.66,3788.32,3775.21,3778.56,0,BTF19,3755.0,3765.0,3750.0,3755.0,125.0,23.559999999999945
155,2019-01-10 10:00:00,^BTCUSD,3778.77,3779.08,3590.98,3625.55,0,BTF19,3755.0,3755.0,3525.0,3595.0,1340.0,30.550000000000182
156,2019-01-10 11:00:00,^BTCUSD,3625.55,3625.55,3608.61,3613.18,0,BTF19,3590.0,3595.0,3575.0,3585.0,181.0,28.179999999999836
157,2019-01-10 12:00:00,^BTCUSD,3613.28,3615.78,3602.55,3610.39,0,BTF19,3590.0,3590.0,3570.0,3580.0,112.0,30.389999999999873
158,2019-01-10 13:00:00,^BTCUSD,3610.39,3640.4,3594.6,3634.07,0,BTF19,3580.0,3615.0,3555.0,3615.0,227.0,19.070000000000164
159,2019-01-10 14:00:00,^BTCUSD,3634.07,3644.79,3625.5,3627.67,0,BTF19,3615.0,3630.0,3605.0,3605.0,303.0,22.670000000000073
160,2019-01-10 15:00:00,^BTCUSD,3627.55,3639.62,3619.48,3636.05,0,BTF19,3610.0,3615.0,3600.0,3615.0,75.0,21.050000000000182
161,2019-01-10 17:00:00,^BTCUSD,3627.74,3635.44,3622.03,3625.11,0,BTF19,3600.0,3610.0,3600.0,3600.0,120.0,25.110000000000127
162,2019-01-10 18:00:00,^BTCUSD,3625.57,3656.29,3611.33,3644.96,0,BTF19,3600.0,3630.0,3580.0,3615.0,283.0,29.960000000000036
163,2019-01-10 19:00:00,^BTCUSD,3644.97,3652.97,3631.32,3634.15,0,BTF19,3620.0,3620.0,3600.0,3600.0,225.0,34.15000000000009
164,2019-01-10 20:00:00,^BTCUSD,3634.5,3640.23,3618.43,3619.72,0,BTF19,3605.0,3605.0,3590.0,3590.0,136.0,29.7199999999998
165,2019-01-10 21:00:00,^BTCUSD,3619.81,3625.56,3619.53,3622.03,0,BTF19,3595.0,3595.0,3590.0,3590.0,105.0,32.0300000000002
166,2019-01-10 22:00:00,^BTCUSD,3622.02,3622.02,3599.29,3607.41,0,BTF19,3590.0,3590.0,3560.0,3580.0,213.0,27.409999999999854
167,2019-01-10 23:00:00,^BTCUSD,3607.41,3621.68,3605.22,3616.6,0,BTF19,3585.0,3595.0,3575.0,3590.0,155.0,26.59999999999991
168,2019-01-11 00:00:00,^BTCUSD,3616.6,3628.65,3612.85,3624.82,0,BTF19,3585.0,3605.0,3585.0,3600.0,122.0,24.820000000000164
169,2019-01-11 01:00:00,^BTCUSD,3624.82,3641.31,3619.62,3640.2,0,BTF19,3605.0,3610.0,3590.0,3610.0,182.0,30.199999999999818
170,2019-01-11 02:00:00,^BTCUSD,3640.17,3670.21,3637.19,3642.48,0,BTF19,3615.0,3645.0,3605.0,3620.0,279.0,22.480000000000018
171,2019-01-11 03:00:00,^BTCUSD,3642.48,3656.41,3634.12,3635.92,0,BTF19,3620.0,3630.0,3610.0,3610.0,121.0,25.920000000000073
172,2019-01-11 04:00:00,^BTCUSD,3635.91,3640.6,3615.48,3629.76,0,BTF19,3610.0,3615.0,3585.0,3605.0,143.0,24.76000000000022
173,2019-01-11 05:00:00,^BTCUSD,3629.76,3638.22,3626.42,3638.22,0,BTF19,3605.0,3610.0,3600.0,3610.0,67.0,28.2199999999998
174,2019-01-11 06:00:00,^BTCUSD,3638.22,3638.22,3622.49,3634.52,0,BTF19,3610.0,3610.0,3590.0,3605.0,112.0,29.519999999999982
175,2019-01-11 07:00:00,^BTCUSD,3634.52,3638.32,3617.59,3617.59,0,BTF19,3605.0,3610.0,3590.0,3590.0,143.0,27.590000000000146
176,2019-01-11 08:00:00,^BTCUSD,3617.59,3651.27,3617.59,3645.47,0,BTF19,3595.0,3635.0,3595.0,3615.0,269.0,30.4699999999998
177,2019-01-11 09:00:00,^BTCUSD,3645.47,3658.22,3643.15,3644.45,0,BTF19,3620.0,3630.0,3610.0,3610.0,154.0,34.44999999999982
178,2019-01-11 10:00:00,^BTCUSD,3643.98,3666.3,3640.96,3650.02,0,BTF19,3605.0,3640.0,3605.0,3615.0,199.0,35.01999999999998
179,2019-01-11 11:00:00,^BTCUSD,3650.02,3659.56,3648.05,3654.71,0,BTF19,3620.0,3625.0,3615.0,3620.0,99.0,34.710000000000036
180,2019-01-11 12:00:00,^BTCUSD,3654.71,3660.49,3647.24,3657.27,0,BTF19,3625.0,3630.0,3610.0,3620.0,145.0,37.26999999999998
181,2019-01-11 13:00:00,^BTCUSD,3657.27,3663.77,3653.26,3655.74,0,BTF19,3620.0,3630.0,3620.0,3620.0,92.0,35.73999999999978
182,2019-01-11 14:00:00,^BTCUSD,3655.29,3680.43,3652.12,3660.03,0,BTF19,3615.0,3640.0,3615.0,3630.0,300.0,30.0300000000002
183,2019-01-11 15:00:00,^BTCUSD,3660.17,3708.66,3648.2,3651.95,0,BTF19,3630.0,3685.0,3625.0,3625.0,417.0,26.949999999999818
184,2019-01-13 17:00:00,^BTCUSD,3508.04,3511.57,3499.21,3511.55,0,BTF19,3490.0,3495.0,3400.0,3495.0,255.0,16.550000000000182
185,2019-01-13 18:00:00,^BTCUSD,3511.59,3517.38,3508.08,3517.21,0,BTF19,3495.0,3500.0,3490.0,3500.0,102.0,17.210000000000036
186,2019-01-13 19:00:00,^BTCUSD,3517.21,3523.91,3513.48,3519.58,0,BTF19,3500.0,3505.0,3495.0,3500.0,76.0,19.579999999999927
187,2019-01-13 20:00:00,^BTCUSD,3519.58,3524.82,3517.66,3520.14,0,BTF19,3500.0,3510.0,3500.0,3510.0,106.0,10.139999999999873
188,2019-01-13 21:00:00,^BTCUSD,3520.14,3522.17,3517.93,3520.8,0,BTF19,3510.0,3510.0,3500.0,3505.0,59.0,15.800000000000182
189,2019-01-13 22:00:00,^BTCUSD,3520.8,3529.94,3518.33,3529.67,0,BTF19,3500.0,3515.0,3500.0,3515.0,55.0,14.670000000000073
190,2019-01-13 23:00:00,^BTCUSD,3529.67,3541.84,3528.49,3536.25,0,BTF19,3515.0,3520.0,3510.0,3515.0,64.0,21.25
191,2019-01-14 00:00:00,^BTCUSD,3536.25,3544.19,3535.48,3543.29,0,BTF19,3515.0,3530.0,3515.0,3525.0,60.0,18.289999999999964
192,2019-01-14 01:00:00,^BTCUSD,3543.29,3550.68,3537.49,3538.29,0,BTF19,3525.0,3535.0,3520.0,3520.0,34.0,18.289999999999964
193,2019-01-14 02:00:00,^BTCUSD,3537.04,3541.26,3532.67,3537.96,0,BTF19,3520.0,3520.0,3510.0,3520.0,49.0,17.960000000000036
194,2019-01-14 03:00:00,^BTCUSD,3537.83,3541.9,3531.46,3537.89,0,BTF19,3520.0,3525.0,3515.0,3520.0,111.0,17.889999999999873
195,2019-01-14 04:00:00,^BTCUSD,3537.89,3565.73,3532.72,3534.4,0,BTF19,3525.0,3550.0,3510.0,3515.0,128.0,19.40000000000009
196,2019-01-14 05:00:00,^BTCUSD,3534.4,3555.45,3527.35,3527.38,0,BTF19,3515.0,3515.0,3500.0,3500.0,146.0,27.38000000000011
197,2019-01-14 06:00:00,^BTCUSD,3527.38,3551.82,3526.15,3546.41,0,BTF19,3505.0,3525.0,3500.0,3520.0,119.0,26.409999999999854
198,2019-01-14 07:00:00,^BTCUSD,3546.41,3554.91,3541.74,3542.35,0,BTF19,3525.0,3530.0,3515.0,3515.0,156.0,27.34999999999991
199,2019-01-14 08:00:00,^BTCUSD,3542.35,3544.83,3533.95,3544.72,0,BTF19,3520.0,3520.0,3505.0,3520.0,116.0,24.7199999999998
200,2019-01-14 09:00:00,^BTCUSD,3544.72,3699.63,3542.28,3665.21,0,BTF19,3520.0,3665.0,3515.0,3655.0,921.0,10.210000000000036
201,2019-01-14 10:00:00,^BTCUSD,3665.21,3710.1,3662.29,3671.76,0,BTF19,3655.0,3700.0,3645.0,3650.0,532.0,21.76000000000022
202,2019-01-14 11:00:00,^BTCUSD,3671.76,3682.04,3671.76,3677.92,0,BTF19,3650.0,3660.0,3650.0,3660.0,104.0,17.920000000000073
203,2019-01-14 12:00:00,^BTCUSD,3677.93,3699.52,3674.57,3679.96,0,BTF19,3655.0,3675.0,3655.0,3665.0,142.0,14.960000000000036
204,2019-01-14 13:00:00,^BTCUSD,3679.74,3696.66,3673.88,3685.91,0,BTF19,3665.0,3670.0,3660.0,3665.0,112.0,20.909999999999854
205,2019-01-14 14:00:00,^BTCUSD,3686.07,3732.3,3671.55,3676.25,0,BTF19,3665.0,3695.0,3650.0,3655.0,395.0,21.25
206,2019-01-14 15:00:00,^BTCUSD,3676.25,3676.83,3660.7,3668.28,0,BTF19,3650.0,3655.0,3630.0,3645.0,81.0,23.2800000000002
207,2019-01-14 17:00:00,^BTCUSD,3672.13,3683.51,3667.24,3673.92,0,BTF19,3650.0,3655.0,3640.0,3645.0,148.0,28.920000000000073
208,2019-01-14 18:00:00,^BTCUSD,3673.92,3680.85,3662.59,3676.21,0,BTF19,3640.0,3660.0,3630.0,3650.0,103.0,26.210000000000036
209,2019-01-14 19:00:00,^BTCUSD,3676.21,3691.42,3667.42,3676.32,0,BTF19,3650.0,3665.0,3650.0,3650.0,107.0,26.320000000000164
210,2019-01-14 20:00:00,^BTCUSD,3676.32,3680.06,3672.72,3674.45,0,BTF19,3645.0,3655.0,3645.0,3645.0,56.0,29.449999999999818
211,2019-01-14 21:00:00,^BTCUSD,3674.44,3679.69,3669.43,3674.24,0,BTF19,3645.0,3655.0,3645.0,3650.0,78.0,24.23999999999978
212,2019-01-14 22:00:00,^BTCUSD,3674.24,3674.64,3668.71,3673.86,0,BTF19,3650.0,3655.0,3645.0,3650.0,38.0,23.860000000000127
213,2019-01-14 23:00:00,^BTCUSD,3673.86,3675.38,3665.09,3668.39,0,BTF19,3645.0,3645.0,3640.0,3645.0,43.0,23.389999999999873
214,2019-01-15 00:00:00,^BTCUSD,3668.39,3668.39,3662.47,3663.08,0,BTF19,3640.0,3645.0,3635.0,3640.0,87.0,23.079999999999927
215,2019-01-15 01:00:00,^BTCUSD,3663.08,3672.38,3663.08,3671.86,0,BTF19,3640.0,3645.0,3640.0,3645.0,84.0,26.860000000000127
216,2019-01-15 02:00:00,^BTCUSD,3671.9,3672.86,3662.29,3668.41,0,BTF19,3650.0,3650.0,3635.0,3640.0,113.0,28.409999999999854
217,2019-01-15 03:00:00,^BTCUSD,3668.41,3668.41,3642.71,3647.06,0,BTF19,3640.0,3645.0,3605.0,3620.0,277.0,27.059999999999945
218,2019-01-15 04:00:00,^BTCUSD,3647.06,3655.34,3637.05,3654.67,0,BTF19,3615.0,3625.0,3610.0,3625.0,96.0,29.670000000000073
219,2019-01-15 05:00:00,^BTCUSD,3654.68,3660.33,3649.99,3659.2,0,BTF19,3625.0,3625.0,3625.0,3625.0,57.0,34.19999999999982
220,2019-01-15 06:00:00,^BTCUSD,3659.2,3662.69,3644.6,3649.07,0,BTF19,3625.0,3625.0,3605.0,3615.0,147.0,34.070000000000164
221,2019-01-15 07:00:00,^BTCUSD,3648.62,3679.92,3645.82,3666.18,0,BTF19,3615.0,3645.0,3615.0,3640.0,179.0,26.179999999999836
222,2019-01-15 08:00:00,^BTCUSD,3665.95,3666.4,3661.62,3666.4,0,BTF19,3635.0,3635.0,3630.0,3635.0,62.0,31.40000000000009
223,2019-01-15 09:00:00,^BTCUSD,3666.4,3675.84,3626.85,3634.36,0,BTF19,3640.0,3650.0,3575.0,3610.0,415.0,24.360000000000127
224,2019-01-15 10:00:00,^BTCUSD,3634.36,3644.01,3627.48,3635.04,0,BTF19,3610.0,3620.0,3595.0,3615.0,206.0,20.039999999999964
225,2019-01-15 11:00:00,^BTCUSD,3635.03,3642.04,3628.54,3638.25,0,BTF19,3610.0,3615.0,3605.0,3610.0,86.0,28.25
226,2019-01-15 12:00:00,^BTCUSD,3638.28,3643.61,3630.05,3639.09,0,BTF19,3615.0,3615.0,3600.0,3610.0,161.0,29.090000000000146
227,2019-01-15 13:00:00,^BTCUSD,3639.09,3647.59,3635.18,3641.21,0,BTF19,3610.0,3610.0,3595.0,3610.0,163.0,31.210000000000036
228,2019-01-15 14:00:00,^BTCUSD,3641.21,3649.42,3570.48,3570.86,0,BTF19,3610.0,3615.0,3490.0,3535.0,848.0,35.86000000000013
229,2019-01-15 15:00:00,^BTCUSD,3571.6,3595.53,3571.29,3593.8,0,BTF19,3535.0,3555.0,3535.0,3545.0,82.0,48.80000000000018
230,2019-01-15 17:00:00,^BTCUSD,3580.19,3592.8,3579.77,3586.59,0,BTF19,3550.0,3560.0,3550.0,3555.0,43.0,31.590000000000146
231,2019-01-15 18:00:00,^BTCUSD,3586.78,3590.84,3575.62,3588.44,0,BTF19,3550.0,3560.0,3550.0,3560.0,93.0,28.440000000000055
232,2019-01-15 19:00:00,^BTCUSD,3588.44,3595.48,3586.46,3594.49,0,BTF19,3560.0,3570.0,3560.0,3565.0,103.0,29.48999999999978
233,2019-01-15 20:00:00,^BTCUSD,3594.49,3594.71,3587.14,3591.71,0,BTF19,3565.0,3565.0,3560.0,3565.0,49.0,26.710000000000036
234,2019-01-15 21:00:00,^BTCUSD,3591.72,3604.84,3590.05,3602.57,0,BTF19,3565.0,3575.0,3565.0,3575.0,110.0,27.570000000000164
235,2019-01-15 22:00:00,^BTCUSD,3602.57,3620.07,3601.87,3607.49,0,BTF19,3580.0,3590.0,3575.0,3575.0,136.0,32.48999999999978
236,2019-01-15 23:00:00,^BTCUSD,3607.49,3619.37,3601.24,3614.86,0,BTF19,3575.0,3585.0,3575.0,3580.0,108.0,34.86000000000013
237,2019-01-16 00:00:00,^BTCUSD,3614.85,3618.45,3597.78,3598.47,0,BTF19,3580.0,3580.0,3565.0,3570.0,54.0,28.4699999999998
238,2019-01-16 01:00:00,^BTCUSD,3600.16,3605.16,3584.64,3585.27,0,BTF19,3570.0,3570.0,3555.0,3555.0,134.0,30.269999999999982
239,2019-01-16 02:00:00,^BTCUSD,3585.27,3642.95,3583.25,3627.56,0,BTF19,3555.0,3600.0,3555.0,3590.0,140.0,37.559999999999945
240,2019-01-16 03:00:00,^BTCUSD,3627.69,3653.66,3626.89,3636.1,0,BTF19,3590.0,3605.0,3585.0,3585.0,172.0,51.09999999999991
241,2019-01-16 04:00:00,^BTCUSD,3634.95,3644.83,3618.17,3631.11,0,BTF19,3585.0,3600.0,3585.0,3595.0,62.0,36.11000000000013
242,2019-01-16 05:00:00,^BTCUSD,3631.11,3641.75,3613.54,3614.19,0,BTF19,3595.0,3600.0,3595.0,3595.0,38.0,19.190000000000055
243,2019-01-16 06:00:00,^BTCUSD,3614.19,3692.17,3614.07,3630.91,0,BTF19,3595.0,3645.0,3595.0,3615.0,260.0,15.909999999999854
244,2019-01-16 07:00:00,^BTCUSD,3630.9,3639.57,3612.26,3617.83,0,BTF19,3620.0,3620.0,3580.0,3595.0,235.0,22.829999999999927
245,2019-01-16 08:00:00,^BTCUSD,3617.66,3630.13,3615.92,3624.16,0,BTF19,3595.0,3615.0,3590.0,3595.0,482.0,29.159999999999854
246,2019-01-16 09:00:00,^BTCUSD,3624.16,3633.4,3607.93,3612.58,0,BTF19,3595.0,3605.0,3580.0,3590.0,354.0,22.579999999999927
247,2019-01-16 10:00:00,^BTCUSD,3612.58,3616.05,3593.1,3603.17,0,BTF19,3585.0,3590.0,3555.0,3575.0,440.0,28.170000000000073
248,2019-01-16 11:00:00,^BTCUSD,3603.15,3608.1,3602.38,3607.06,0,BTF19,3575.0,3580.0,3575.0,3580.0,79.0,27.059999999999945
249,2019-01-16 12:00:00,^BTCUSD,3607.06,3624.51,3606.23,3608.98,0,BTF19,3580.0,3595.0,3565.0,3580.0,151.0,28.980000000000018
250,2019-01-16 13:00:00,^BTCUSD,3608.89,3610.36,3589.08,3595.44,0,BTF19,3580.0,3580.0,3555.0,3565.0,193.0,30.440000000000055
251,2019-01-16 14:00:00,^BTCUSD,3595.85,3614.16,3583.49,3593.65,0,BTF19,3565.0,3565.0,3545.0,3560.0,225.0,33.65000000000009
252,2019-01-16 15:00:00,^BTCUSD,3593.65,3620.69,3593.65,3601.14,0,BTF19,3560.0,3590.0,3560.0,3575.0,160.0,26.139999999999873
253,2019-01-16 17:00:00,^BTCUSD,3600.34,3615.0,3598.05,3606.65,0,BTF19,3570.0,3585.0,3565.0,3580.0,95.0,26.65000000000009
254,2019-01-16 18:00:00,^BTCUSD,3606.65,3613.57,3601.07,3603.76,0,BTF19,3585.0,3585.0,3575.0,3575.0,128.0,28.76000000000022
255,2019-01-16 19:00:00,^BTCUSD,3603.76,3612.88,3600.32,3608.94,0,BTF19,3575.0,3585.0,3570.0,3580.0,97.0,28.940000000000055
256,2019-01-16 20:00:00,^BTCUSD,3608.94,3613.03,3586.66,3586.77,0,BTF19,3580.0,3585.0,3540.0,3540.0,149.0,46.76999999999998
257,2019-01-16 21:00:00,^BTCUSD,3586.8,3589.26,3579.21,3584.73,0,BTF19,3545.0,3560.0,3545.0,3560.0,57.0,24.730000000000018
258,2019-01-16 22:00:00,^BTCUSD,3584.74,3595.65,3583.38,3587.17,0,BTF19,3560.0,3570.0,3555.0,3555.0,80.0,32.17000000000007
259,2019-01-16 23:00:00,^BTCUSD,3587.13,3598.39,3585.69,3588.66,0,BTF19,3560.0,3560.0,3555.0,3555.0,59.0,33.659999999999854
260,2019-01-17 00:00:00,^BTCUSD,3588.66,3602.74,3584.11,3592.32,0,BTF19,3555.0,3570.0,3555.0,3560.0,107.0,32.320000000000164
261,2019-01-17 01:00:00,^BTCUSD,3592.32,3601.07,3589.87,3598.62,0,BTF19,3565.0,3570.0,3560.0,3570.0,89.0,28.61999999999989
262,2019-01-17 02:00:00,^BTCUSD,3599.02,3602.41,3591.58,3598.74,0,BTF19,3565.0,3575.0,3560.0,3570.0,124.0,28.73999999999978
263,2019-01-17 03:00:00,^BTCUSD,3598.74,3598.76,3587.15,3589.5,0,BTF19,3570.0,3570.0,3555.0,3555.0,78.0,34.5
264,2019-01-17 04:00:00,^BTCUSD,3589.5,3610.94,3573.52,3595.42,0,BTF19,3555.0,3580.0,3515.0,3570.0,371.0,25.420000000000073
265,2019-01-17 05:00:00,^BTCUSD,3595.37,3606.13,3595.24,3604.82,0,BTF19,3570.0,3575.0,3565.0,3575.0,96.0,29.820000000000164
266,2019-01-17 06:00:00,^BTCUSD,3604.82,3605.43,3584.04,3593.69,0,BTF19,3570.0,3570.0,3550.0,3560.0,120.0,33.690000000000055
267,2019-01-17 07:00:00,^BTCUSD,3593.69,3606.1,3584.91,3585.82,0,BTF19,3555.0,3565.0,3550.0,3555.0,134.0,30.820000000000164
268,2019-01-17 08:00:00,^BTCUSD,3585.82,3597.15,3585.01,3594.81,0,BTF19,3555.0,3570.0,3545.0,3565.0,94.0,29.809999999999945
269,2019-01-17 09:00:00,^BTCUSD,3594.81,3626.71,3592.49,3618.68,0,BTF19,3565.0,3600.0,3565.0,3590.0,321.0,28.679999999999836
270,2019-01-17 10:00:00,^BTCUSD,3618.68,3657.93,3605.25,3609.69,0,BTF19,3590.0,3630.0,3580.0,3580.0,320.0,29.690000000000055
271,2019-01-17 11:00:00,^BTCUSD,3609.69,3631.23,3604.28,3621.09,0,BTF19,3580.0,3600.0,3575.0,3600.0,155.0,21.090000000000146
272,2019-01-17 12:00:00,^BTCUSD,3621.09,3650.48,3621.08,3634.03,0,BTF19,3600.0,3630.0,3595.0,3610.0,377.0,24.0300000000002
273,2019-01-17 13:00:00,^BTCUSD,3634.04,3636.84,3627.52,3629.07,0,BTF19,3610.0,3615.0,3605.0,3605.0,131.0,24.070000000000164
274,2019-01-17 14:00:00,^BTCUSD,3629.07,3633.11,3626.15,3631.54,0,BTF19,3605.0,3610.0,3600.0,3605.0,97.0,26.539999999999964
275,2019-01-17 15:00:00,^BTCUSD,3631.54,3668.9,3627.69,3629.24,0,BTF19,3610.0,3645.0,3600.0,3600.0,251.0,29.23999999999978
276,2019-01-17 17:00:00,^BTCUSD,3632.22,3655.49,3632.22,3648.05,0,BTF19,3615.0,3630.0,3610.0,3620.0,122.0,28.050000000000182
277,2019-01-17 18:00:00,^BTCUSD,3647.51,3649.85,3628.71,3634.12,0,BTF19,3620.0,3620.0,3605.0,3610.0,128.0,24.11999999999989
278,2019-01-17 19:00:00,^BTCUSD,3634.13,3639.3,3626.9,3629.5,0,BTF19,3615.0,3615.0,3605.0,3605.0,93.0,24.5
279,2019-01-17 20:00:00,^BTCUSD,3629.28,3633.83,3628.76,3631.13,0,BTF19,3610.0,3615.0,3605.0,3610.0,88.0,21.13000000000011
280,2019-01-17 21:00:00,^BTCUSD,3631.18,3631.34,3626.43,3627.27,0,BTF19,3610.0,3610.0,3605.0,3605.0,27.0,22.269999999999982
281,2019-01-17 22:00:00,^BTCUSD,3627.27,3630.31,3618.69,3622.05,0,BTF19,3610.0,3610.0,3595.0,3595.0,69.0,27.050000000000182
282,2019-01-17 23:00:00,^BTCUSD,3622.05,3626.79,3619.86,3621.7,0,BTF19,3595.0,3600.0,3595.0,3600.0,69.0,21.699999999999818
283,2019-01-18 00:00:00,^BTCUSD,3621.7,3631.3,3620.56,3628.96,0,BTF19,3600.0,3620.0,3600.0,3615.0,157.0,13.960000000000036
284,2019-01-18 01:00:00,^BTCUSD,3629.01,3632.59,3622.07,3629.91,0,BTF19,3615.0,3615.0,3600.0,3610.0,57.0,19.909999999999854
285,2019-01-18 02:00:00,^BTCUSD,3629.92,3631.72,3625.6,3628.1,0,BTF19,3610.0,3615.0,3605.0,3615.0,50.0,13.099999999999909
286,2019-01-18 03:00:00,^BTCUSD,3628.1,3631.25,3627.54,3630.08,0,BTF19,3615.0,3615.0,3615.0,3615.0,11.0,15.079999999999927
287,2019-01-18 04:00:00,^BTCUSD,3630.08,3634.56,3616.56,3616.56,0,BTF19,3620.0,3620.0,3595.0,3595.0,95.0,21.559999999999945
288,2019-01-18 05:00:00,^BTCUSD,3616.56,3619.85,3614.28,3616.68,0,BTF19,3595.0,3600.0,3595.0,3595.0,39.0,21.679999999999836
289,2019-01-18 06:00:00,^BTCUSD,3616.68,3616.86,3601.8,3612.99,0,BTF19,3595.0,3595.0,3575.0,3590.0,188.0,22.98999999999978
290,2019-01-18 07:00:00,^BTCUSD,3612.99,3616.97,3608.32,3610.25,0,BTF19,3585.0,3590.0,3585.0,3590.0,126.0,20.25
291,2019-01-18 08:00:00,^BTCUSD,3610.34,3612.34,3605.49,3608.16,0,BTF19,3590.0,3590.0,3585.0,3585.0,106.0,23.159999999999854
292,2019-01-18 09:00:00,^BTCUSD,3608.1,3633.13,3607.73,3629.53,0,BTF19,3590.0,3610.0,3590.0,3610.0,156.0,19.5300000000002
293,2019-01-18 10:00:00,^BTCUSD,3629.53,3630.22,3608.09,3614.73,0,BTF19,3610.0,3610.0,3590.0,3590.0,123.0,24.730000000000018
294,2019-01-18 11:00:00,^BTCUSD,3614.73,3622.32,3599.92,3600.73,0,BTF19,3590.0,3595.0,3565.0,3575.0,171.0,25.730000000000018
295,2019-01-18 12:00:00,^BTCUSD,3600.73,3610.68,3600.0,3606.04,0,BTF19,3580.0,3585.0,3580.0,3580.0,40.0,26.039999999999964
296,2019-01-18 13:00:00,^BTCUSD,3606.04,3607.32,3590.13,3604.65,0,BTF19,3580.0,3580.0,3540.0,3580.0,241.0,24.65000000000009
297,2019-01-18 14:00:00,^BTCUSD,3605.8,3617.9,3603.89,3609.51,0,BTF19,3585.0,3590.0,3580.0,3585.0,227.0,24.51000000000022
298,2019-01-18 15:00:00,^BTCUSD,3609.51,3633.23,3607.06,3623.25,0,BTF19,3585.0,3605.0,3580.0,3600.0,106.0,23.25
299,2019-01-20 17:00:00,^BTCUSD,3555.59,3563.54,3551.26,3553.98,0,BTF19,3525.0,3530.0,3495.0,3520.0,211.0,33.98000000000002
300,2019-01-20 18:00:00,^BTCUSD,3554.25,3563.73,3551.46,3551.52,0,BTF19,3520.0,3525.0,3510.0,3510.0,179.0,41.51999999999998
301,2019-01-20 19:00:00,^BTCUSD,3551.4,3560.9,3545.16,3549.83,0,BTF19,3510.0,3515.0,3505.0,3510.0,220.0,39.82999999999993
302,2019-01-20 20:00:00,^BTCUSD,3549.83,3553.01,3547.95,3547.95,0,BTF19,3515.0,3525.0,3510.0,3515.0,52.0,32.94999999999982
303,2019-01-20 21:00:00,^BTCUSD,3547.95,3554.25,3533.27,3540.7,0,BTF19,3515.0,3515.0,3495.0,3510.0,106.0,30.699999999999818
304,2019-01-20 22:00:00,^BTCUSD,3540.67,3548.95,3525.92,3533.04,0,BTF19,3510.0,3510.0,3480.0,3505.0,137.0,28.039999999999964
305,2019-01-20 23:00:00,^BTCUSD,3532.94,3540.69,3529.51,3535.13,0,BTF19,3500.0,3510.0,3500.0,3510.0,25.0,25.13000000000011
306,2019-01-21 00:00:00,^BTCUSD,3535.11,3545.33,3533.26,3535.96,0,BTF19,3510.0,3520.0,3505.0,3505.0,77.0,30.960000000000036
307,2019-01-21 01:00:00,^BTCUSD,3535.97,3537.83,3529.16,3535.14,0,BTF19,3510.0,3510.0,3505.0,3510.0,58.0,25.139999999999873
308,2019-01-21 02:00:00,^BTCUSD,3535.14,3537.26,3526.44,3530.74,0,BTF19,3515.0,3515.0,3505.0,3510.0,18.0,20.73999999999978
309,2019-01-21 03:00:00,^BTCUSD,3530.74,3540.87,3526.63,3530.09,0,BTF19,3505.0,3520.0,3505.0,3505.0,60.0,25.090000000000146
310,2019-01-21 04:00:00,^BTCUSD,3530.07,3557.48,3527.81,3538.88,0,BTF19,3505.0,3535.0,3500.0,3515.0,106.0,23.88000000000011
311,2019-01-21 05:00:00,^BTCUSD,3538.73,3556.78,3537.92,3555.2,0,BTF19,3515.0,3540.0,3515.0,3535.0,93.0,20.199999999999818
312,2019-01-21 06:00:00,^BTCUSD,3555.18,3555.18,3541.23,3553.59,0,BTF19,3530.0,3530.0,3520.0,3525.0,80.0,28.590000000000146
313,2019-01-21 07:00:00,^BTCUSD,3555.23,3567.57,3540.99,3543.52,0,BTF19,3530.0,3550.0,3520.0,3525.0,139.0,18.519999999999982
314,2019-01-21 08:00:00,^BTCUSD,3543.52,3553.68,3538.4,3551.84,0,BTF19,3525.0,3525.0,3515.0,3515.0,108.0,36.840000000000146
315,2019-01-21 09:00:00,^BTCUSD,3551.76,3552.91,3541.22,3546.9,0,BTF19,3515.0,3525.0,3515.0,3520.0,97.0,26.90000000000009
316,2019-01-21 10:00:00,^BTCUSD,3546.9,3553.8,3545.37,3548.91,0,BTF19,3520.0,3525.0,3520.0,3525.0,58.0,23.909999999999854
317,2019-01-21 11:00:00,^BTCUSD,3548.91,3550.9,3545.73,3549.57,0,BTF19,3520.0,3530.0,3520.0,3525.0,19.0,24.570000000000164
318,2019-01-21 17:00:00,^BTCUSD,3537.67,3545.42,3537.53,3538.61,0,BTF19,3510.0,3525.0,3510.0,3515.0,73.0,23.610000000000127
319,2019-01-21 18:00:00,^BTCUSD,3538.6,3548.38,3538.37,3546.21,0,BTF19,3520.0,3525.0,3520.0,3525.0,120.0,21.210000000000036
320,2019-01-21 19:00:00,^BTCUSD,3546.21,3549.38,3543.81,3546.94,0,BTF19,3530.0,3530.0,3525.0,3525.0,72.0,21.940000000000055
321,2019-01-21 20:00:00,^BTCUSD,3547.02,3576.41,3542.13,3542.13,0,BTF19,3520.0,3545.0,3520.0,3525.0,147.0,17.13000000000011
322,2019-01-21 21:00:00,^BTCUSD,3542.13,3544.72,3532.32,3540.11,0,BTF19,3520.0,3525.0,3515.0,3520.0,62.0,20.110000000000127
323,2019-01-21 22:00:00,^BTCUSD,3540.11,3547.01,3530.99,3531.21,0,BTF19,3525.0,3525.0,3515.0,3515.0,51.0,16.210000000000036
324,2019-01-21 23:00:00,^BTCUSD,3531.33,3535.55,3528.99,3532.68,0,BTF19,3515.0,3520.0,3515.0,3520.0,52.0,12.679999999999836
325,2019-01-22 00:00:00,^BTCUSD,3532.68,3533.66,3523.67,3525.05,0,BTF19,3515.0,3515.0,3505.0,3510.0,67.0,15.050000000000182
326,2019-01-22 01:00:00,^BTCUSD,3525.16,3529.01,3518.85,3527.64,0,BTF19,3510.0,3510.0,3505.0,3510.0,96.0,17.639999999999873
327,2019-01-22 02:00:00,^BTCUSD,3527.64,3538.61,3524.19,3537.48,0,BTF19,3510.0,3520.0,3510.0,3520.0,32.0,17.480000000000018
328,2019-01-22 03:00:00,^BTCUSD,3537.48,3537.64,3525.15,3533.34,0,BTF19,3520.0,3520.0,3500.0,3505.0,82.0,28.340000000000146
329,2019-01-22 04:00:00,^BTCUSD,3533.34,3536.13,3523.33,3523.33,0,BTF19,3500.0,3520.0,3495.0,3510.0,80.0,13.329999999999927
330,2019-01-22 05:00:00,^BTCUSD,3523.33,3555.79,3448.87,3555.79,0,BTF19,3510.0,3535.0,3390.0,3530.0,934.0,25.789999999999964
331,2019-01-22 06:00:00,^BTCUSD,3555.81,3594.77,3538.03,3561.66,0,BTF19,3530.0,3570.0,3515.0,3545.0,466.0,16.659999999999854
332,2019-01-22 07:00:00,^BTCUSD,3561.66,3568.34,3553.38,3562.02,0,BTF19,3550.0,3555.0,3530.0,3540.0,169.0,22.019999999999982
333,2019-01-22 08:00:00,^BTCUSD,3562.02,3580.59,3556.64,3566.53,0,BTF19,3540.0,3570.0,3540.0,3555.0,299.0,11.5300000000002
334,2019-01-22 09:00:00,^BTCUSD,3566.53,3591.05,3563.49,3582.68,0,BTF19,3555.0,3585.0,3550.0,3570.0,341.0,12.679999999999836
335,2019-01-22 10:00:00,^BTCUSD,3582.68,3590.63,3574.59,3580.65,0,BTF19,3570.0,3580.0,3555.0,3565.0,152.0,15.650000000000091
336,2019-01-22 11:00:00,^BTCUSD,3580.43,3589.71,3576.09,3587.44,0,BTF19,3570.0,3585.0,3565.0,3575.0,262.0,12.440000000000055
337,2019-01-22 12:00:00,^BTCUSD,3587.46,3590.5,3579.98,3590.5,0,BTF19,3575.0,3585.0,3570.0,3585.0,179.0,5.5
338,2019-01-22 13:00:00,^BTCUSD,3590.5,3608.58,3580.09,3580.36,0,BTF19,3580.0,3620.0,3565.0,3570.0,409.0,10.360000000000127
339,2019-01-22 14:00:00,^BTCUSD,3580.36,3593.76,3580.36,3587.59,0,BTF19,3570.0,3580.0,3570.0,3580.0,85.0,7.5900000000001455
340,2019-01-22 15:00:00,^BTCUSD,3587.59,3593.86,3575.2,3575.42,0,BTF19,3580.0,3585.0,3565.0,3565.0,45.0,10.420000000000073
341,2019-01-22 17:00:00,^BTCUSD,3582.91,3583.84,3575.75,3577.98,0,BTF19,3575.0,3580.0,3565.0,3570.0,45.0,7.980000000000018
342,2019-01-22 18:00:00,^BTCUSD,3577.94,3587.99,3576.08,3582.23,0,BTF19,3565.0,3575.0,3565.0,3575.0,78.0,7.230000000000018
343,2019-01-22 19:00:00,^BTCUSD,3582.27,3585.23,3578.57,3584.37,0,BTF19,3570.0,3575.0,3570.0,3575.0,36.0,9.36999999999989
344,2019-01-22 20:00:00,^BTCUSD,3584.37,3594.0,3581.96,3592.63,0,BTF19,3575.0,3585.0,3575.0,3580.0,76.0,12.63000000000011
345,2019-01-22 21:00:00,^BTCUSD,3592.63,3593.65,3580.58,3583.56,0,BTF19,3580.0,3580.0,3570.0,3575.0,52.0,8.559999999999945
346,2019-01-22 22:00:00,^BTCUSD,3583.56,3586.96,3572.03,3573.66,0,BTF19,3570.0,3570.0,3520.0,3560.0,1048.0,13.659999999999854
347,2019-01-22 23:00:00,^BTCUSD,3573.66,3582.15,3573.66,3580.4,0,BTF19,3560.0,3585.0,3555.0,3575.0,498.0,5.400000000000091
348,2019-01-23 00:00:00,^BTCUSD,3580.4,3585.65,3576.81,3582.06,0,BTF19,3575.0,3580.0,3575.0,3575.0,65.0,7.059999999999945
349,2019-01-23 01:00:00,^BTCUSD,3582.01,3582.12,3568.58,3569.45,0,BTF19,3575.0,3575.0,3560.0,3565.0,122.0,4.449999999999818
350,2019-01-23 02:00:00,^BTCUSD,3569.57,3580.65,3562.51,3578.31,0,BTF19,3560.0,3570.0,3550.0,3565.0,115.0,13.309999999999945
351,2019-01-23 03:00:00,^BTCUSD,3578.31,3579.16,3574.84,3576.21,0,BTF19,3565.0,3565.0,3555.0,3555.0,19.0,21.210000000000036
352,2019-01-23 04:00:00,^BTCUSD,3576.21,3581.5,3567.76,3579.28,0,BTF19,3555.0,3565.0,3555.0,3565.0,64.0,14.2800000000002
353,2019-01-23 05:00:00,^BTCUSD,3579.29,3588.64,3576.92,3584.93,0,BTF19,3565.0,3575.0,3565.0,3570.0,47.0,14.929999999999836
354,2019-01-23 06:00:00,^BTCUSD,3584.93,3587.66,3573.51,3582.3,0,BTF19,3570.0,3570.0,3560.0,3560.0,76.0,22.300000000000182
355,2019-01-23 07:00:00,^BTCUSD,3582.3,3602.18,3573.63,3602.18,0,BTF19,3565.0,3590.0,3560.0,3590.0,160.0,12.179999999999836
356,2019-01-23 08:00:00,^BTCUSD,3602.18,3634.61,3572.79,3575.03,0,BTF19,3590.0,3615.0,3540.0,3565.0,430.0,10.0300000000002
357,2019-01-23 09:00:00,^BTCUSD,3575.04,3582.18,3566.57,3566.71,0,BTF19,3560.0,3565.0,3545.0,3545.0,106.0,21.710000000000036
358,2019-01-23 10:00:00,^BTCUSD,3566.34,3595.25,3566.22,3594.68,0,BTF19,3550.0,3565.0,3550.0,3565.0,94.0,29.679999999999836
359,2019-01-23 11:00:00,^BTCUSD,3594.68,3595.89,3579.51,3581.27,0,BTF19,3565.0,3570.0,3565.0,3565.0,58.0,16.269999999999982
360,2019-01-23 12:00:00,^BTCUSD,3581.27,3587.81,3577.8,3584.66,0,BTF19,3565.0,3575.0,3560.0,3575.0,65.0,9.659999999999854
361,2019-01-23 13:00:00,^BTCUSD,3584.66,3585.58,3552.65,3552.65,0,BTF19,3575.0,3575.0,3530.0,3530.0,263.0,22.65000000000009
362,2019-01-23 14:00:00,^BTCUSD,3552.56,3559.53,3531.65,3548.21,0,BTF19,3530.0,3545.0,3510.0,3535.0,355.0,13.210000000000036
363,2019-01-23 15:00:00,^BTCUSD,3547.64,3553.53,3534.99,3553.53,0,BTF19,3530.0,3540.0,3530.0,3535.0,59.0,18.5300000000002
364,2019-01-23 17:00:00,^BTCUSD,3555.99,3559.61,3550.55,3558.57,0,BTF19,3545.0,3550.0,3540.0,3550.0,44.0,8.570000000000164
365,2019-01-23 18:00:00,^BTCUSD,3558.57,3562.11,3555.77,3562.11,0,BTF19,3550.0,3550.0,3545.0,3550.0,82.0,12.110000000000127
366,2019-01-23 19:00:00,^BTCUSD,3562.2,3562.89,3542.51,3546.36,0,BTF19,3550.0,3550.0,3525.0,3535.0,98.0,11.360000000000127
367,2019-01-23 20:00:00,^BTCUSD,3546.36,3551.01,3543.22,3549.15,0,BTF19,3535.0,3540.0,3530.0,3540.0,70.0,9.150000000000091
368,2019-01-23 21:00:00,^BTCUSD,3549.16,3551.03,3536.61,3540.34,0,BTF19,3540.0,3540.0,3525.0,3530.0,50.0,10.340000000000146
369,2019-01-23 22:00:00,^BTCUSD,3540.32,3549.33,3539.23,3545.01,0,BTF19,3530.0,3540.0,3525.0,3535.0,55.0,10.010000000000218
370,2019-01-23 23:00:00,^BTCUSD,3545.01,3545.48,3532.98,3535.06,0,BTF19,3535.0,3535.0,3520.0,3530.0,98.0,5.059999999999945
371,2019-01-24 00:00:00,^BTCUSD,3535.07,3546.25,3533.98,3540.67,0,BTF19,3530.0,3535.0,3530.0,3530.0,40.0,10.670000000000073
372,2019-01-24 01:00:00,^BTCUSD,3541.04,3552.07,3539.96,3550.8,0,BTF19,3530.0,3540.0,3530.0,3540.0,47.0,10.800000000000182
373,2019-01-24 02:00:00,^BTCUSD,3550.8,3554.04,3546.53,3547.2,0,BTF19,3540.0,3545.0,3535.0,3540.0,45.0,7.199999999999818
374,2019-01-24 03:00:00,^BTCUSD,3547.2,3549.07,3543.12,3547.47,0,BTF19,3540.0,3540.0,3530.0,3540.0,70.0,7.4699999999998
375,2019-01-24 04:00:00,^BTCUSD,3547.2,3549.47,3544.86,3547.17,0,BTF19,3540.0,3540.0,3530.0,3535.0,30.0,12.170000000000073
376,2019-01-24 05:00:00,^BTCUSD,3547.17,3573.71,3545.01,3564.78,0,BTF19,3530.0,3565.0,3530.0,3555.0,176.0,9.7800000000002
377,2019-01-24 06:00:00,^BTCUSD,3564.78,3577.54,3553.86,3574.02,0,BTF19,3550.0,3565.0,3545.0,3560.0,86.0,14.019999999999982
378,2019-01-24 07:00:00,^BTCUSD,3574.02,3579.48,3564.12,3568.64,0,BTF19,3565.0,3570.0,3550.0,3555.0,136.0,13.639999999999873
379,2019-01-24 08:00:00,^BTCUSD,3568.64,3582.31,3562.42,3566.91,0,BTF19,3560.0,3565.0,3550.0,3560.0,130.0,6.9099999999998545
380,2019-01-24 09:00:00,^BTCUSD,3566.91,3568.48,3557.53,3560.73,0,BTF19,3560.0,3560.0,3540.0,3555.0,234.0,5.730000000000018
381,2019-01-24 10:00:00,^BTCUSD,3560.73,3564.93,3558.13,3564.93,0,BTF19,3550.0,3555.0,3550.0,3550.0,103.0,14.929999999999836
382,2019-01-24 11:00:00,^BTCUSD,3564.73,3565.82,3559.31,3563.53,0,BTF19,3555.0,3555.0,3545.0,3550.0,122.0,13.5300000000002
383,2019-01-24 12:00:00,^BTCUSD,3563.53,3568.68,3563.5,3567.62,0,BTF19,3550.0,3560.0,3550.0,3555.0,98.0,12.61999999999989
384,2019-01-24 13:00:00,^BTCUSD,3567.62,3604.04,3567.62,3582.8,0,BTF19,3555.0,3590.0,3555.0,3575.0,197.0,7.800000000000182
385,2019-01-24 14:00:00,^BTCUSD,3582.17,3598.25,3571.36,3572.83,0,BTF19,3575.0,3585.0,3560.0,3565.0,184.0,7.829999999999927
386,2019-01-24 15:00:00,^BTCUSD,3572.82,3577.15,3570.2,3576.19,0,BTF19,3565.0,3570.0,3555.0,3570.0,90.0,6.190000000000055
387,2019-01-24 17:00:00,^BTCUSD,3572.85,3596.21,3569.22,3576.34,0,BTF19,3560.0,3570.0,3555.0,3565.0,27.0,11.340000000000146
388,2019-01-24 18:00:00,^BTCUSD,3576.32,3585.07,3575.13,3575.13,0,BTF19,3570.0,3570.0,3570.0,3570.0,25.0,5.130000000000109
389,2019-01-24 19:00:00,^BTCUSD,3575.13,3585.41,3568.32,3585.07,0,BTF19,3565.0,3575.0,3565.0,3575.0,16.0,10.070000000000164
390,2019-01-24 20:00:00,^BTCUSD,3585.08,3588.33,3572.78,3573.87,0,BTF19,3570.0,3580.0,3570.0,3570.0,89.0,3.869999999999891
391,2019-01-24 22:00:00,^BTCUSD,3578.06,3582.63,3575.83,3582.22,0,BTF19,3570.0,3570.0,3570.0,3570.0,1.0,12.2199999999998
392,2019-01-24 23:00:00,^BTCUSD,3582.22,3582.69,3566.18,3568.82,0,BTF19,3560.0,3565.0,3560.0,3565.0,2.0,3.8200000000001637
393,2019-01-25 00:00:00,^BTCUSD,3568.82,3574.7,3565.1,3573.74,0,BTF19,3565.0,3565.0,3560.0,3565.0,19.0,8.739999999999782
394,2019-01-25 02:00:00,^BTCUSD,3568.41,3569.45,3544.68,3554.31,0,BTF19,3540.0,3540.0,3510.0,3535.0,7.0,19.309999999999945
395,2019-01-25 03:00:00,^BTCUSD,3554.48,3571.46,3550.22,3559.07,0,BTF19,3540.0,3555.0,3540.0,3555.0,2.0,4.070000000000164
396,2019-01-25 04:00:00,^BTCUSD,3559.07,3559.07,3544.11,3557.3,0,BTF19,3545.0,3545.0,3540.0,3540.0,2.0,17.300000000000182
397,2019-01-25 05:00:00,^BTCUSD,3558.58,3566.5,3534.43,3538.61,0,BTF19,3555.0,3555.0,3525.0,3530.0,6.0,8.610000000000127
398,2019-01-25 06:00:00,^BTCUSD,3538.61,3554.56,3533.69,3554.45,0,BTF19,3535.0,3540.0,3535.0,3540.0,3.0,14.449999999999818
399,2019-01-25 07:00:00,^BTCUSD,3554.45,3565.13,3548.55,3548.98,0,BTF19,3545.0,3545.0,3535.0,3545.0,13.0,3.980000000000018
400,2019-01-25 08:00:00,^BTCUSD,3548.98,3563.87,3548.02,3561.01,0,BTF19,3545.0,3550.0,3535.0,3545.0,92.0,16.01000000000022
401,2019-01-25 09:00:00,^BTCUSD,3561.01,3580.58,3561.0,3574.94,0,BTF19,3545.0,3565.0,3545.0,3560.0,32.0,14.940000000000055
